"id","login","firstName","lastName","name","email","imageUrl","activated","langKey","createdBy","createdDate","lastModifiedBy","lastModifiedDate","authorities","photoDocumentId"
"5603","user","user","userName","user userName","user34@gmail.com","","","fr","admin","2019-11-30T14:34:45.247144Z","admin","2019-12-17T21:42:36.307674Z","ROLE_USER","47"
"5604","sarhan","sarhan","sarhan","sarhan sarhan","sarhan@gmail.com","","","en","admin","2019-11-30T14:49:10.406649Z","admin","2019-12-17T21:43:36.074139Z","ROLE_USER","67"
"5605","ghassen","ghassen","chikhaoui","ghassen chikhaoui","ghassen12@gmail.com","","true","en","admin","2019-11-30T14:55:18.298109Z","admin","2019-12-06T21:26:50.207562Z","ROLE_USER","65"
"7402","adada","adada","dasdas","adada dasdas","asdad@gmail.com","","true","fr","admin","2019-12-17T21:44:08.724572Z","admin","2019-12-17T21:44:08.724572Z","ROLE_USER","77"
"7403","saber","saber","salhi","saber salhi","sabersalhuser@gmail.com","","true","en","admin","2019-12-18T19:03:31.721417Z","admin","2019-12-18T19:03:31.721417Z","ROLE_USER","78"
"7404","dhjkda","dhjkda","fefwfwef","dhjkda fefwfwef","dewfe@gmail.com","","true","en","admin","2019-12-18T21:19:27.388444Z","admin","2019-12-18T21:19:27.388444Z","ROLE_USER",""
"7405","ascacs","ascacs","acsac","ascacs acsac","ascaca@gmail.com","","true","en","admin","2019-12-18T21:49:55.892489Z","admin","2019-12-18T21:49:55.892489Z","ROLE_USER",""
"7406","fcasacsa","fcasacsa","cacaca","fcasacsa cacaca","cacaca@gmail.com","","true","en","admin","2019-12-18T21:50:44.786140Z","admin","2019-12-18T21:50:44.786140Z","ROLE_USER",""
"7407","wfwef","wfwef","wcacas","wfwef wcacas","dawkhdwah@gmail.com","","true","en","admin","2019-12-18T22:06:47.368026Z","admin","2019-12-18T22:06:47.368026Z","ROLE_USER",""
"7408","gwgwegw","gwgwegw","wegwegweg","gwgwegw wegwegweg","wegwegwge@gmail.com","","true","en","admin","2019-12-18T22:18:21.150027Z","admin","2019-12-18T22:18:21.150027Z","ROLE_USER",""